id,name,area,hypothesis,audience,change,metric,effort,expected_learning,duration_days,success_threshold,dependencies,priority,design,status
X-001,Social sign-in above the email form,registration,"Putting Google, Discord and Battle.net (and Steam once D-015 ships) above the password form raises completion, because social sign-up skips Turnstile, the five-rule password and the inbox wait [R11 §1.3].","All visitors to /register (phone layout first: 1,487 phone vs 184 desktop requests [R11]).","RegisterClient.tsx: full-width social buttons on top, 'or with email' form below (C44 page rewrite, R-02 in 15-REGISTRATION).","registration_complete ÷ /register sessions (first-party), split by method",S,Whether friction (the gates) or motivation (the offer) is what stops sign-ups.,28,"Post-window completion rate ≥ 1.5× the 14-day pre-window AND ≥ 60% of completions via a social method, with ≥ 15 completions in the post window.",D-014 | C44 | D-007,P1,pre/post,backlog
X-002,Honest register panel (trust fix),registration,Replacing '15K+ MEMBERS · 50K+ GAMES' and the false read-XP perk with the homepage's four mechanisms and an API-fed game count does not reduce completion.,All /register visitors.,D-001 copy change on /register and /login; no other change in the same fortnight.,registration_complete ÷ /register sessions,S,Shows that removing false social proof costs nothing measurable; the change ships regardless because it is a correctness fix.,28,"Non-inferiority: post-window completion rate ≥ 0.8× the pre-window rate. A lower result is recorded, not reverted.",D-001 | C01,P1,pre/post,backlog
X-003,Steam as a sign-in method,registration,"A 'Sign in through Steam' button produces A2 Shelved members at ≥ 2× the rate of email sign-ups, because the library imports on the first click [R11 §5].","/register visitors and the onboarding wizard; S2 Multi-platform Collectors, S3 PC Tinkerers.",D-015 Steam OpenID login creating the account from the SteamID64 and starting the import job; email asked for later (X-016).,registration_complete (method=steam); library_connected within 7 days by method,M,Whether 'the library is the sign-up' is TechPlay's best acquisition argument.,28,≥ 10 Steam sign-ups in 28 days AND their 7-day A2 rate ≥ 2× the email-method A2 rate in the same window.,D-015 | C44 | D-007,P1,concurrent comparison by sign-up method,backlog
X-004,Return new members to where they started,registration,"Returning a new member to the page they came from (comment box, game page, giveaway) raises the share who act within the first hour.","Registrants arriving from comments, game pages, giveaways (from=comments|game|giveaway).",D-014 honours ?redirect= for social sign-ups and verified email sign-ups; D-016 resumes the action.,"Share of registration_complete followed by comment_created, shelf_add or reminder_set within 60 minutes",S,How much intent is lost at the registration hop today.,28,"≥ 40% of redirected registrants act within 60 minutes (pre-period share from a users/comments/user_games timestamp query), minimum 10 registrants.",D-014 | D-016 | D-007,P2,pre/post,backlog
X-005,Guest 'Remind me' on game and calendar pages,registration,"Game pages are the largest sign-up surface (56,355 URLs indexed [R03]); a guest 'Remind me' that opens a sign-up modal and returns to the game converts better than today's login link.","Guests on unreleased game pages, /calendar and /calendar/[slug].","D-016 modal ('Tell me when {game} is out. Free account, one click with Google or Discord.'), C45.",registration_complete (from=game|calendar); reminder_set in the first session,M,Whether release intent is a stronger sign-up reason than 'start your library'.,28,≥ 20 registrations with from=game or from=calendar in 28 days AND ≥ 70% of them have reminder_set in the same session.,D-016 | C45 | D-007,P1,"absolute threshold, no control (volume too small)",backlog
X-006,Game-specific article-end prompt,registration,"On articles with a game_id, 'Add {game} to your shelf' earns more clicks than the generic account panel.",Guests reading articles that carry articles.game_id.,JoinPrompt variant inside the D-010 article-end block; alternate generic and game variants by ISO week (ABAB).,"cta_click (cta_id=article-end-join-generic vs article-end-join-game) per 1,000 article sessions; registration_complete from=article-game",S,Whether specificity beats a general pitch on the surface with the most readers.,28,"Game variant click rate ≥ 1.3× generic in both of its weeks, with ≥ 30 clicks in total.",D-010 | C46 | D-007,P2,ABAB weeks,backlog
X-007,Verify-email page that says what already works,registration,"Explaining what works before verification (shelf, import) and what verification unlocks (comments, giveaways, digest) raises 72-hour verification.",Email-method registrants waiting on /verify-email.,"Copy change on /verify-email (R-05 in 15-REGISTRATION): one list of 'works now', one of 'after you click the link'.",email_verified within 72 h ÷ registration_complete (method=email); weekly prune count,S,Whether the inbox gate loses people through confusion or through a missing mail.,42,"≥ 90% verify within 72 h (last reading: 50 of 55 confirmed, undated window [R12]) AND prune count does not rise.",D-014 | D-007,P2,pre/post,backlog
X-008,Newsletter verify page offers an account,registration,The moment after double opt-in is warm; a pre-filled 'make it an account' with Google one-tap converts ≥ 10% of new verified subscribers.,People landing on /newsletter/verify after clicking the confirmation link.,Panel on app/newsletter/verify/page.tsx: 'You're on the list. Want your games in one place too?' with Google/Discord buttons and email pre-filled.,registration_complete (from=newsletter-verify) ÷ newsletter_verified,S,Whether newsletter and account are one audience or two.,42,"≥ 10% of newly verified subscribers register within 10 minutes, measured over ≥ 50 verifications.",D-012 | D-007,P2,"absolute threshold, no control (volume too small)",backlog
X-009,Leaderboard empty state becomes an invitation,registration,Replacing 'Nobody has moved yet this week' with 'Be the first this week: connect Steam and your completions count' turns an empty page into a sign-up path.,Guests on /leaderboard.,Copy and CTA on the empty state (D-029 hides zero-value modules elsewhere).,cta_click (cta_id=leaderboard-empty-connect); registration_complete (from=leaderboard),S,Whether competitive framing works at a population of 60.,28,≥ 5 registrations with from=leaderboard in 28 days (pre-period assumed 0; nothing measured it).,D-029 | D-007,P3,"absolute threshold, no control (volume too small)",backlog
X-010,Buffy replies with a one-click account link,registration,"Unlinked Discord members who use /daily, /profile or /library register at ≥ 20% when the bot answers with a Discord OAuth link that lands on the shelf [R11 row 20].",Discord members with no linked TechPlay account who run a member command.,Bot reply footer: 'This works better with your library behind it. Link in one click:' → Discord OAuth → /profile shelf.,"registration_complete (method=discord, from=discord) ÷ distinct unlinked command users",S,Whether the Discord room is the highest-intent acquisition pool TechPlay has.,28,"≥ 20% of unlinked members who trigger a command register within 14 days, minimum 10 distinct members.",C35 | D-007,P1,"absolute threshold, no control (volume too small)",backlog
X-011,Wizard order: connect Steam first vs pick games first,activation,"Opening the onboarding wizard on 'connect Steam' produces more A2 members than opening on 'pick games', because import fills the shelf in one step.",New members who see WelcomeOnboarding.tsx.,Alternate the first wizard step by ISO week (ABAB).,wizard_shown → library_connected or wizard_pick_done; A2 within 7 days,S,Which first step carries more members over the A2 line.,28,"Winning order's 7-day A2 rate ≥ 1.3× the other across both of its weeks, with ≥ 15 wizard_shown per arm; otherwise extend by 2 weeks and call it inconclusive.",D-007,P2,ABAB weeks,backlog
X-012,Founding 100 framing,activation,Telling registrants that the first 100 members who connect a platform or shelve three games get the Founder badge raises the A2 rate.,All new members from launch of C68.,Extend campaign:founders from 50 (≥5 games) to 100 with the A2 rule; show a live 'N of 100 claimed' count from the API on /register and in the wizard.,A2 within 7 days of registration_complete; badges awarded,S,Whether scarcity that is true moves activation without inflating anything.,42,7-day A2 rate ≥ 1.5× the 21-day pre-window AND ≥ 25 badges awarded by 31 Oct. The count shown must be live; no placeholder.,C68 | D-007,P1,pre/post,backlog
X-013,Library-worth card straight after import,activation,"Showing 'Your Steam library: N games, $X at today's prices' right after import increases sharing and 7-day return.",Members completing a Steam import (US Steam prices only [R01]).,Card on the import-complete screen with Save/Share (D-024 share card route).,share_card_generated (type=library-worth) ÷ library_connected (platform=steam); A3 within 7 days,M,Whether a number about their own library is the share trigger TOOL-03 scored it as [R21].,28,≥ 15% of Steam importers generate a card AND ≥ 3 registrations arrive through card links (from=share-card) in 28 days.,D-024 | D-007,P2,"absolute threshold, no control (volume too small)",backlog
X-014,Welcome email 2: link your library,activation,A day-2 email ('Your shelf is empty. Steam takes 30 seconds.') raises A2 among members who have not activated.,Non-activated new members; alternate by user id parity (treated vs holdout).,Email 2 of the C42 welcome sequence; holdout receives nothing on day 2.,"library_connected within 7 days, treated vs holdout",M,Whether email can do activation work the bell cannot.,42,Treated A2 rate ≥ holdout + 10 percentage points with ≥ 30 members per arm; below 30 per arm the result is read as directional only.,C42 | D-013 | D-007,P1,holdout (user id parity),backlog
X-015,Three-item checklist instead of seven,activation,"Cutting ProfileChecklist from seven items to three (connect a platform, add three games, set one reminder) raises completion of those three.",New members on their dashboard.,ProfileChecklist.tsx shows three items; the other four move to a 'later' list.,Share of new members with library_connected or 3× shelf_add AND reminder_set within 7 days,S,Whether choice overload is part of the activation gap (3 of 55 added a game [R12]).,56,Share completing all three ≥ 2× the share who did the same three things in the 28-day pre-window.,D-007,P2,pre/post,backlog
X-016,Ask Steam-only accounts for email at the reminder,activation,Asking 'Where should we send the release reminder?' at the moment of reminder_set gets an email from ≥ 50% of Steam-only accounts [R11 §5].,Accounts created through Steam sign-in with no email.,Inline email field in the reminder confirmation; email verified by link.,Email attached ÷ Steam-only accounts that set a reminder,S,Whether Steam sign-in accounts can become reachable without a gate.,28,"≥ 50% attach and verify an email, minimum 10 Steam-only reminder setters.",D-015 | D-013,P2,"absolute threshold, no control (volume too small)",backlog
X-017,Gamer DNA card at ten shelf items,activation,Prompting the Gamer DNA share card once a member reaches ten shelf items produces shares that bring registrations.,Members crossing ten user_games rows.,One-time prompt with the D-024 card and Save/Share.,share_card_generated (type=gamer-dna); registration_complete (from=share-card),S,Whether identity cards travel for TechPlay the way recaps do elsewhere [R11 §2.5].,28,≥ 20% of eligible members generate a card AND ≥ 5 registrations via card links in 28 days.,D-024 | D-007,P2,"absolute threshold, no control (volume too small)",backlog
X-018,Backlog Advisor guest mode,activation,"Letting guests type five games and get a pick, then offering 'import your backlog instead of typing it', converts better than the sign-in wall.",Guests on /backlog-advisor (today a SignInWall).,D-037 guest mode; result screen ends with Steam/Google sign-up that imports.,"tool_run (tool=backlog, guest); registration_complete (from=advisor)",M,Whether a useful answer before sign-up beats a promise of one.,28,≥ 100 guest runs AND ≥ 5% of runs followed by registration within the session.,D-037 | D-007,P2,"absolute threshold, no control (volume too small)",backlog
X-019,Homepage newsletter block,newsletter,"A homepage capture block for The Save File converts at least 3 per 1,000 homepage sessions; today there is no homepage capture [R20].","Homepage visitors, signed out and signed in.","D-012 block under the hero: 'The Save File. Fridays. The week's releases, one fix, one number. No spam, one-click unsubscribe.'","newsletter_signup (placement=home) per 1,000 homepage sessions; newsletter_verified ÷ newsletter_signup",S,"The capture rate of the most-seen page, to size every other placement against.",28,"≥ 3 signups per 1,000 homepage sessions AND ≥ 70% verify within 72 h.",D-012 | C40 | D-007,P1,"absolute threshold, no control (volume too small)",backlog
X-020,Article end: newsletter first vs account first,newsletter,"One ordering of the D-010 end block (newsletter field above the account prompt, or the reverse) produces more total owned-audience actions.",All article readers.,Alternate order by ISO week (ABAB); copy identical.,"(newsletter_signup + registration_complete) per 1,000 article sessions",S,Which ask a reader at the end of a news story will accept.,28,"Winning order ≥ 1.25× the combined rate in both of its weeks, with ≥ 40 combined actions in total.",D-010 | D-012 | D-007,P1,ABAB weeks,backlog
X-021,/newsletter landing with a real sample issue,newsletter,Showing the latest issue (web archive of F21) on /newsletter raises conversion of that page.,"Visitors to /newsletter (new) from social, Discord and the footer.","Embed the most recent issue under the form from the first issue onward; before that, the promise only.",newsletter_signup ÷ /newsletter sessions,S,Whether proof of the product beats a description of it.,28,Post-window rate ≥ 1.3× pre-window with ≥ 200 landing sessions across both windows.,D-012 | C40,P2,pre/post,backlog
X-022,Specific subject lines vs numbered ones,newsletter,"Subject lines naming the week's concrete items ('GTA VI pre-load date, 6 releases, 1 fix') get more clicks than numbered ones ('The Save File #3').",All verified subscribers.,Alternate style by issue over eight issues.,Unique clicks ÷ delivered per issue (opens are a floor only [R20]),S,"Which subject style drives the click, the only trusted email metric.",56,"Specific style click rate ≥ 1.2× numbered across 4 issues each, with unsubscribe ≤ 0.5% on every send.",C40,P2,alternating issues,backlog
X-023,Send time: Friday 08:00 vs 16:00 CET,newsletter,The Save File sent Friday 08:00 CET gets more 48-hour clicks than Friday 16:00 CET (the digest's current slot).,All verified subscribers.,Alternate send time by week for eight weeks.,Unique clicks within 48 h ÷ delivered,S,Whether the US-heavy audience (about 35% of traffic [R16]) changes the best slot.,56,One slot wins by ≥ 20% relative in at least 3 of 4 weekly pairs; otherwise keep 16:00.,C40,P3,alternating weeks,backlog
X-024,GTA 6 briefing with a dated promise,newsletter,"Replacing 'Join thousands of fans' with a dated promise ('One email a week until 19 Nov, daily in launch week. Confirmed facts, sources linked.') raises capture on /gta6.",GTA 6 hub visitors (S4).,Gta6NewsletterCTA.tsx copy (D-001) and a gta6 tag on the subscriber row (D-012).,"newsletter_signup (placement=gta6) per 1,000 /gta6 sessions",S,"Whether a specific, time-bound promise outperforms vague social proof.",28,Post-window rate ≥ 1.5× the pre-window with ≥ 30 signups in the post window.,D-001 | D-012 | C07,P1,pre/post,backlog
X-025,Email-only release alert for guests,newsletter,"An email-only 'tell me when it's out' on unreleased game pages captures more guests than the account-only reminder, and ≥ 20% of those later register.",Guests on unreleased game pages.,Alternate weeks: account modal (X-005) vs email-only alert field; run after X-005 has 28 days of data.,"newsletter_signup (placement=game-page) + reminder by email per 1,000 game sessions; registration_complete within 30 days",M,Whether asking for less (an address) beats asking for an account at the release moment.,28,"Email-only capture ≥ 2× the account variant per 1,000 game sessions AND ≥ 20% of email-only signups register within 30 days.",D-016 | D-013 | D-012,P2,ABAB weeks,backlog
X-026,Newsletter line in Buffy's welcome,newsletter,One line with the /newsletter link in the Discord welcome embed converts ≥ 5% of new joiners to subscribers.,New Discord members.,"BuffyService welcome embed adds: 'Fridays: The Save File, the week in one email.' with utm_source=discord&utm_medium=community&utm_campaign=c35-discord-rebuild.",newsletter_signup with utm_source=discord ÷ discord_join,S,Whether Discord and email audiences overlap or feed each other.,28,"≥ 5% of joiners subscribe within 28 days, minimum 40 joins.",D-011 | D-012 | C35,P3,"absolute threshold, no control (volume too small)",backlog
X-027,Discord Onboarding questions,discord,"Three Onboarding questions (platforms, games followed, which pings) raise the share of joiners who post within seven days.",New Discord joiners.,C35 rebuild: Onboarding with three questions assigning roles and channels.,Joiners with ≥ 1 message within 7 days ÷ joiners (bot count),S,Whether the first minute in the server decides whether people stay.,42,Rate ≥ 1.5× the 21-day pre-window with ≥ 30 joiners in the post window.,C35 | D-011,P1,pre/post,backlog
X-028,End-of-article Discord line vs sidebar widget,discord,"An end-of-article Discord line gets more clicks per 1,000 article sessions than the desktop-only sidebar widget, because the phone layout is the real one [R11].",Article readers.,D-010 end block gains a Discord line with its own invite code; the sidebar widget gets a second code.,discord_click (placement=article-end vs article-sidebar); discord_join by invite code,S,Where Discord asks work on a phone-first site.,28,"Article-end ≥ 2× sidebar clicks per 1,000 sessions AND joins by code point the same way.",D-010 | D-011 | D-004,P1,concurrent comparison (two invite codes),backlog
X-029,Invite copy that names a dated event,discord,"Invites naming a dated event ('Game Club night this Thursday, 20:00 CET: Control Resonant') convert better than 'Join our Discord'.",Social followers and newsletter readers.,"Two invite codes, two copies, alternated across posts for four weeks.","discord_join per 100 discord_click, per invite code",S,Whether events are the reason to join [R13].,28,Event copy ≥ 1.5× joins per 100 clicks with ≥ 20 joins in total.,C38 | D-011,P2,alternating posts,backlog
X-030,'What Are You Playing?' on site and Discord together,discord,"Running F11 as one prompt on Discord and the forum, cross-linked, lifts distinct participants compared with Discord alone.","Discord members, forum readers, social followers.","C37 weekly thread posted Monday in Discord and /forum with links both ways; first four weeks Discord-only, next four both.",Distinct participants per week (Discord authors + forum repliers); comment_created on the forum thread,S,Whether the forum can borrow Discord's activity instead of competing with it.,56,Distinct participants in weeks 5–8 ≥ 1.3× weeks 1–4 AND the forum thread averages ≥ 5 replies.,C37,P2,pre/post (weeks 1–4 vs 5–8),backlog
X-031,Recruiter role for member invites,discord,A 'Recruiter' role for members who bring three joiners through their own invite codes produces ≥ 15% of joins.,Existing Discord members (160 on 27 Sep [R13]).,C36: members create personal invites; the bot credits joins by code (D-011); role at 3 joins.,Share of discord_join attributed to member-created codes,M,Whether the community can grow itself at this size.,42,≥ 15% of joins from member codes AND zero raid or spam incidents linked to the scheme.,D-011 | C36,P2,"absolute threshold, no control (volume too small)",backlog
X-032,Buffy's daily On This Day post,discord,A daily automated anniversary post (F06) raises distinct daily posters in #general.,Discord members.,C65: Buffy posts one anniversary from /games/on-this-day at a fixed time.,Distinct authors per day in #general (bot count; Server Insights needs 500+ members [R13]),S,Whether automated prompts start conversations or become wallpaper.,28,"Distinct daily posters +25% vs the 14-day pre-window, with no rise in moderation actions.",C65 | D-011,P3,pre/post,backlog
X-033,Link-your-account line in the welcome,discord,A welcome message asking members to link their TechPlay account (XP carries over) raises linked members.,New Discord joiners.,Welcome embed line with the /link command and the site link.,Joiners with a linked account within 14 days (users.discord_id with discord_guild_member = true),S,How much of the Discord audience will cross to the site.,28,≥ 15% of joiners link within 14 days.,C35,P2,"absolute threshold, no control (volume too small)",backlog
X-034,Shrink the indexable game set,content-seo,Noindexing game pages without an original signal shifts Googlebot's ~290 daily fetches toward articles and hubs and speeds article indexing [R03 §9].,Googlebot; all organic searchers.,D-021: Game::indexable() requires an original signal; the long tail stays crawlable and linked but noindex.,"GSC crawl stats (requests by page type), indexed articles, organic clicks",L,"Whether index quality, not access, is what holds search back.",42,"Articles+hubs share of Googlebot requests ≥ 2× the pre-window AND ≥ 90% of articles published after the change indexed within 7 days, with organic clicks not falling below the pre-window.",D-021 | C02,P1,pre/post,backlog
X-035,Contextual links in every article,content-seo,"Three to five contextual links per article (game page, calendar, tool) raise pages per session from article landings.",Article readers.,D-010 contextual links and related module; ED adds links at publish.,"Pages per session for sessions landing on an article (first-party, sessions with sid); cta_click",M,Whether articles can feed the database and tools.,56,Pages per session from article landings +15% vs the 28-day pre-window.,D-010 | C46,P1,pre/post,backlog
X-036,Review titles that carry a verdict,content-seo,"'Crimson Desert review: [verdict in five words] (PS5, PC)' gets a higher Search CTR than 'Crimson Desert - review' [R03 §10].",Searchers seeing TechPlay reviews.,Retitle the 10 reviews with most impressions; 10 comparable reviews untouched as control.,"GSC CTR, treated vs control, 28 days before and after (difference-in-differences)",S,Whether title quality is part of the invisibility of reviews.,56,"Treated CTR change ≥ 30% relative above the control group's change, with ≥ 500 impressions per group.",C52,P2,matched page groups,backlog
X-037,PC fix guides vs news for search clicks,content-seo,P2 fix guides earn search clicks faster than news because page one has no gaming outlet for them [R09].,S3 PC Tinkerers searching fixes.,C60 PC Fix Hub: one F07 guide a week from 12 Oct.,"GSC clicks per page at day 28, fix guides vs news published the same weeks",M,Where ED hours earn the most durable traffic.,56,"Median fix guide ≥ 3× median news article clicks at day 28, with ≥ 4 guides.",C60,P1,"concurrent comparison (guides vs news, same weeks)",backlog
X-038,Series order pages,content-seo,F09 'In Order' pages reach page one for '[series] games in order' within six weeks.,Searchers preparing for 2027 launches.,C63: one series page each Saturday from 3 Oct.,GSC average position and clicks for each page's main query,M,Whether evergreen order guides are winnable for a small site.,42,≥ 3 of the first 6 pages at average position ≤ 10 for their main query by day 42.,C63,P2,"absolute threshold, no control (volume too small)",backlog
X-039,'Where can I play it' blocks on 200 game pages,content-seo,"A verified 'where to play' block (platforms, subscriptions, Switch 2 edition) on 200 high-demand game pages lifts impressions against 200 matched pages without it [R09 EA-085].",Searchers asking 'is [game] on PC/PS5/Switch 2'.,F08 template filled by ED on 200 pages; 200 matched pages as control.,GSC impressions and clicks per page group,L,Whether original structured answers make database pages worth indexing.,56,Treated group impressions +50% relative to the control group's change over the same window.,D-023 | C63,P2,matched page groups,backlog
X-040,A paragraph of our own on game pages,content-seo,Two sentences of TechPlay context plus linked news or review turns boilerplate game pages into indexable ones [R02 fix 12].,"Game pages with any TechPlay signal (1,967 of 295,024 [R03]).",150 treated pages get the paragraph; 150 matched pages do not.,Indexed status (URL Inspection sample) and impressions per group,L,The editorial cost of making a game page 'ours'.,42,≥ 25% more treated pages indexed than control pages at day 42.,D-021 | D-023,P2,matched page groups,backlog
X-041,One home for GTA 6 in search,content-seo,"Re-pointing GTA 6 news to /games/grand-theft-auto-vi and linking hub, game page and calendar makes one URL rank for GTA queries [R17].",S4 GTA 6 Waiters searching.,"D-005 relation fix, D-017 server-rendered hub counters and H1, internal links.",GSC impressions for queries containing 'gta 6' or 'gta vi' on /gta6* and the game page,S,Whether the hub can compete at all before launch week.,56,Impressions ×3 vs the 28-day pre-window AND at least one page at average position ≤ 20 for a 'gta 6 …' query by 19 Nov.,D-005 | D-017 | C08,P1,pre/post,backlog
X-042,Google News clean-up plus original pieces,content-seo,Stopping game pages from appearing as news and publishing original data pieces gets TechPlay articles into Google News [R03 §6].,Google News readers.,D-022 (datePublished on game pages); C20 and C22 as original reporting.,Monthly probe of 16 own-topic Google News RSS searches (R03 method); GSC News tab if shown,S,Whether Google News is reachable this quarter.,63,By 31 Oct: zero game pages in the site: News feed. By 30 Nov: ≥ 2 of 16 probes return a TechPlay article.,D-022 | C20 | C22,P1,"absolute threshold, no control (volume too small)",backlog
X-043,RSS repair feeding Flipboard and Mastodon,content-seo,Fixing RSS and piping it to Flipboard and Mastodon produces referral sessions for under an hour a week.,RSS readers.,D-003; SC connects the feed once.,"Sessions by referrer_host (flipboard.com, Mastodon instance hosts)",S,Whether low-priority channels pay for their setup.,42,≥ 20 sessions/week by week 6 at ≤ 1 h/week effort; otherwise stop maintaining.,D-003,P3,"absolute threshold, no control (volume too small)",backlog
X-044,Concrete headlines vs question headlines,discover,Headlines that put the answer in the title ('Gears of War: E-Day release time in every time zone') earn more Discover clicks than question headlines.,Discover users following P1–P3 topics.,Alternate style by publishing day for four weeks on pillar news.,Discover clicks per article in the first 72 h (GSC Discover report),S,Which headline style Discover rewards for TechPlay after the Feb 2026 update [R07].,28,Concrete style median ≥ 1.5× question style with ≥ 20 articles per style. Void if the Discover report shows no data.,C04,P2,alternating days,backlog
X-045,Original 1200px images vs store key art,discover,"Original large images (annotated screenshots, data cards) get a higher Discover CTR than publisher key art.",Discover users.,DS templates; alternate by article; all images ≥ 1200px wide and ≤ 300 KB.,Discover CTR per article,S,Whether image originality is worth DS hours.,28,Original-image CTR ≥ 1.25× key-art CTR with ≥ 15 articles per arm.,D-017,P2,alternating articles,backlog
X-046,Pillar concentration,discover,"Putting ≥ 70% of news into pillars P1–P3 for six weeks (and dropping general tech and phones) raises Discover impressions through topic expertise [R07, R08].",Discover and Search users.,EIC editorial rule for six weeks; ED tags each article with its pillar.,Discover impressions per week; total Google clicks,S,Whether focus beats volume for a two-author newsroom.,84,"Weekly Discover impressions in weeks 4–6 ≥ 2× the pre-window mean, with total Google clicks not lower.",C04 | C60,P1,pre/post,backlog
X-047,Author expertise boxes on guides,discover,"A short author box (what they play, test hardware, how it was tested) on P2 and P3 guides improves Discover and Search performance.",Readers of guides.,Box on 8 guides; 8 comparable guides later.,"Clicks per guide over 42 days, treated vs control",S,Whether visible expertise signals move a small site.,42,Treated guides ≥ 1.2× control clicks.,C60,P3,matched page groups,backlog
X-048,Publishing time for US stories,discover,US-relevant stories published 13:00–15:00 CET (US morning) earn more Discover clicks in 48 h than those published at 08:00 CET.,US Discover users (about 35% of traffic [R16]).,Alternate publish slot by day for four weeks.,Discover clicks in the first 48 h,S,Whether the Sarajevo schedule costs US reach.,28,US-slot median ≥ 1.3× morning-slot median with ≥ 12 stories per slot.,C04,P3,alternating days,backlog
X-049,Stories framed on TechPlay's own data,discover,News framed around a figure from TechPlay's calendar or database gets more Discover clicks than a rewrite of the same news.,Discover users; S8 Industry Watchers.,"ED adds one database figure (with source line) as the news hook, F04 style.","Discover clicks per article, data-framed vs rewrite",S,Whether owned data is the originality Discover wants.,42,Data-framed median ≥ 2× rewrites with ≥ 8 data-framed pieces.,C20,P2,concurrent comparison (data-framed vs rewrites),backlog
X-050,Out This Week: carousel vs single image on Instagram,social,"An F01 carousel earns more saves per 1,000 reach than a single image of the same list.",Instagram followers and explore.,Alternate format by week for six weeks; same DS template family.,"Saves + shares per 1,000 reach (platform analytics); link-sticker sessions with utm_content f01-*",S,Which format justifies DS time on the weekly anchor.,42,"Carousel ≥ 1.5× saves per 1,000 reach across 3 weeks each.",C04,P2,alternating weeks,backlog
X-051,GTA countdown Stories: fact card vs poll sticker,social,An F02 Story with a poll sticker gets more interactions per viewer than a fact card alone.,Instagram and Facebook Story viewers.,Alternate by day for 14 days.,Replies + sticker taps per 100 viewers; link taps with utm_content f02-dayNN-story,S,Which Story mechanic to use for the remaining countdown.,14,Winner ≥ 1.3× interactions per 100 viewers; adopt it for the rest of C06.,C06,P2,alternating days,backlog
X-052,X: thread vs single post for Out This Week,social,A single post with the carousel image and one link sends more sessions than a thread.,X followers.,Alternate by week for four weeks.,Sessions with utm_source=x and utm_content f01-*,S,The cheapest X format that still sends readers.,28,Winner ≥ 1.5× sessions per post.,C04 | D-009,P3,alternating weeks,backlog
X-053,"Reddit: answer first, link second",social,Answers that solve the question in the thread and link only when a TechPlay page adds data or a tool keep standing positive and still send readers [R13].,Subreddits on the C47 list.,C47 rules: 9 of 10 contributions without a link; links carry utm_medium=community and utm_term=<subreddit>.,Removals and bans; median comment score; sessions with utm_source=reddit,S,Whether Reddit can be a steady source without burning the account.,56,"Zero removals or bans, median score ≥ 2, and ≥ 30 sessions/week by week 8.",C47 | D-009,P1,"absolute threshold, no control (volume too small)",backlog
X-054,Threads and Bluesky cross-posts of The Number,social,Cross-posting F04 to Threads and Bluesky costs under an hour a week and returns ≥ 10 sessions a week on each.,Threads and Bluesky users.,SC cross-posts F04 three times a week.,Sessions with utm_source=threads / bluesky; SC minutes logged,S,Keep-or-kill for two experimental channels.,42,Each platform ≥ 10 sessions/week in weeks 4–6 at ≤ 1 h/week; otherwise stop that platform.,D-009,P3,"absolute threshold, no control (volume too small)",backlog
X-055,Facebook: Page vs relevant Groups for Hidden Gem,social,F05 shared in relevant Facebook Groups (with admin permission) sends more readers than the Page alone.,Facebook users in genre groups.,Alternate Page-only and Group shares by week for six weeks.,"Sessions with utm_source=facebook, utm_content f05-*",S,Whether Facebook's reach lives in Groups for TechPlay.,42,"Group weeks ≥ 3× Page-only weeks in sessions, with zero removals.",C64,P3,alternating weeks,backlog
X-056,LinkedIn Studio Watch,social,One F17 post a week on LinkedIn brings industry readers and press contacts.,"S8 Industry Watchers, developers, press.",EIC posts F17 each Thursday with the /data/studios-closed-2026 tracker.,Sessions with utm_source=linkedin; inbound industry contacts logged,S,Whether LinkedIn earns its slot for PR.,84,Median ≥ 15 sessions per post AND ≥ 2 inbound industry contacts by 31 Dec.,C22,P3,"absolute threshold, no control (volume too small)",backlog
X-057,Library Card member spotlight,social,An opt-in member spotlight (F19) makes other readers start their own library.,"Followers on Instagram, X, Discord.",SC posts one consenting member's Gamer DNA card each Friday.,registration_start and registration_complete with utm_content f19-*,S,Whether members' own artefacts sell accounts better than our copy.,42,"Median ≥ 3 registrations per spotlight over 6 spotlights, with written consent logged for every member featured.",C68 | D-024,P3,"absolute threshold, no control (volume too small)",backlog
X-058,Steam Curator page referrals,social,A Steam Curator page with short verdicts linking to TechPlay reviews brings followers and referral sessions.,Steam users following curators.,"C69 launch with 20 recommendations, 2 new per week.",Curator followers; sessions with utm_source=steam,S,Whether Steam is a distribution channel for Verdict.,70,≥ 50 curator followers and ≥ 10 sessions/week by 31 Dec.,C69 | C52,P3,"absolute threshold, no control (volume too small)",backlog
X-059,Hook: number on screen vs talking-head intro,video,F01 videos that open on an on-screen date or number hold viewers longer than those opening on a presenter line.,Short-form viewers.,Alternate hook style across 8 F01 videos.,Average percentage viewed; 3-second hold (platform analytics),S,The hook template for the whole C49 system.,56,Winning hook ≥ 1.2× average percentage viewed across 4 videos each.,C49,P2,alternating videos,backlog
X-060,"One production, four platforms",video,"Posting the same vertical file to TikTok, YouTube Shorts, Instagram Reels and Facebook Reels shows which one or two platforms deserve the time.",Short-form viewers on four platforms.,"C49 posts identical files; SC records views, follows and link sessions per platform.","Views at 7 days, follows per 1,000 views, utm sessions per 1,000 views, per platform",S,Where video attention should go in Q1 2027.,42,"Keep platforms at ≥ 2× the median of the others on follows per 1,000 views; drop any platform below one quarter of the best after 6 weeks.",C49,P1,concurrent keep-or-kill across platforms,backlog
X-061,Fix It Friday shorts with a guide link,video,F07 shorts send readers to the full guide through the description or pinned-comment link.,S3 PC Tinkerers on YouTube and TikTok.,Every F07 short links /guides/pc-fixes/<guide> with utm_content f07-short-<slug>.,"Sessions per 1,000 views with utm_content f07-*",S,Whether video can feed the pillar that search rewards.,42,"Median ≥ 2 sessions per 1,000 views.",C60 | C49,P2,"absolute threshold, no control (volume too small)",backlog
X-062,Out This Week length: 20–30 s vs 45–60 s,video,Shorter F01 videos have higher completion without losing views.,Short-form viewers.,Alternate length by week for six weeks.,Completion rate and views at 7 days,S,The default length for the weekly anchor.,42,Short version completion ≥ 1.3× with views not lower than 0.8× the long version.,C49,P3,alternating weeks,backlog
X-063,YouTube long-form pilot,video,"One long video ('Every GTA game in order before VI', 12 Nov) earns more subscribers per production hour than Shorts.",YouTube viewers searching GTA order before launch.,"C50 pilot; EIC scripts, SC edits.",Subscribers gained per production hour at day 28; views at day 28; utm sessions,L,Whether long-form belongs in Q1 2027 plans.,28,Subscribers per production hour ≥ 2× the Shorts figure over the same 28 days.,C50,P2,concurrent comparison (long-form vs Shorts),backlog
X-064,WoW Analyzer 15-second demo,video,A screen recording of an Analyzer result drives tool runs from YouTube and TikTok.,S5 MMO/WoW players.,"One organic demo per month (F15), linked with utm_campaign=c13-wow-readiness.",tool_run (tool=wow) with utm_campaign c13-*,S,Whether the demo is strong enough to justify paid T15 later.,14,≥ 30 tool runs from video links in 14 days.,C13 | D-040,P2,"absolute threshold, no control (volume too small)",backlog
X-065,Welcome email 1 asks which platforms you play,email,One-click platform links in welcome email 1 tag ≥ 40% of new members and feed segments [R20 §4].,New members.,"C42 email 1: 'Where do you play? Click all that apply' (PC, PS5, Xbox, Switch 2, handheld).",Unique clicks on platform links ÷ delivered,S,Whether members will self-segment by email.,28,≥ 40% of delivered click at least one platform link.,C42 | D-013,P2,"absolute threshold, no control (volume too small)",backlog
X-066,Personalised releases email vs generic list,email,'Your releases this week' (C41) gets ≥ 2× the click rate of the generic release section in The Save File for the same members.,Members with wishlists or reminders who also subscribe.,Send C41 Mondays from 26 Oct; compare with clicks on the release section of Friday's issue.,Unique clicks ÷ delivered (alert_clicked for C41),M,Whether personalisation is TechPlay's newsletter advantage [R20].,28,"C41 click rate ≥ 2× the generic section's, with ≥ 100 delivered on each.",C41 | D-028,P1,"concurrent comparison (same members, two emails)",backlog
X-067,Release-day alert: email vs Discord DM,email,"For members reachable on both, a Discord DM release alert produces more visits within 24 h than email.",Members with email and linked Discord who set reminders.,Channel assigned by user id parity for alerts sent from 19 Oct.,"alert_clicked ÷ reminder_delivered, per channel",M,Which default channel to set for reminders.,42,One channel ≥ 1.3× the other after ≥ 60 deliveries per channel; adopt it as the default.,C43 | D-013,P2,holdout (user id parity),backlog
X-068,Price-drop threshold: member-set vs fixed,email,Letting members set their own discount threshold raises clicks per alert and lowers unsubscribes.,Members with wishlisted Steam games.,D-027 with a threshold field vs a fixed 30% default; parity split.,Clicks per alert; unsubscribes per alert,M,How to keep deal alerts useful through Black Friday (C31).,28,Member-set arm ≥ 1.2× clicks per alert with unsubscribes not higher than the fixed arm.,D-027 | C31,P3,holdout (user id parity),backlog
X-069,Suppress non-clickers after eight sends,email,Suppressing subscribers with no click in eight consecutive sends keeps complaints under 0.1% without losing clicks.,Newsletter subscribers.,Suppression rule in the campaign desk from issue 9.,Complaint rate per send; total unique clicks per send,S,The list-hygiene rule for a self-hosted sender [R20 §4].,56,Complaint rate < 0.1% on every send AND total clicks per send down less than 5%.,C40,P1,pre/post,backlog
X-070,Plain-text style vs designed template,email,"A plain, letter-style issue gets more clicks than the designed template.",Newsletter subscribers.,Alternate template by issue for six issues.,Unique clicks ÷ delivered,S,Whether design effort helps deliverability or clicks.,42,Winner ≥ 1.2× click rate across 3 issues each.,C40,P3,alternating issues,backlog
X-071,Remove share and retweet tasks,giveaways,Removing share_giveaway and twitter_retweet tasks (Meta Promotions policy [R16 §2.15]) does not reduce entries by more than 20%.,Giveaway visitors.,Next giveaway runs without those tasks; compare with the previous one.,"giveaway_entered per 1,000 giveaway-page sessions",S,Whether compliance costs anything; it is required before any paid giveaway promotion.,21,Non-inferiority: entry rate ≥ 0.8× the previous giveaway's rate.,C09,P1,pre/post between consecutive giveaways,backlog
X-072,One-click entry with Google or Discord,giveaways,Making social sign-in the entry step raises entry completion for guests.,Guests on /giveaway/{slug}.,Entry button opens social sign-in and enters on return (D-014 redirect).,giveaway_entered ÷ guest sessions on the giveaway page,S,How much of the giveaway drop is registration friction.,21,Entry rate ≥ 1.5× the previous giveaway's guest entry rate.,C09 | D-014,P2,pre/post between consecutive giveaways,backlog
X-073,Import prompt after entry,giveaways,"After entry, 'Connect Steam and your library is ready when the draw closes' (no extra entries offered) raises entrants' A2.",New giveaway entrants.,Post-entry panel with Steam/Xbox connect buttons (25-GIVEAWAYS SHELVE stage).,library_connected within 7 days ÷ giveaway_entered (first entries); giveaway-only share,S,Whether giveaway accounts can become real members.,28,Entrant→A2 ≥ 25% AND giveaway-only share at close ≤ 60% (guardrail in 25-GIVEAWAYS).,C09 | D-007,P1,"absolute threshold, no control (volume too small)",backlog
X-074,Daily check-in with a weekly freeze,giveaways,Adding one freeze per week to the giveaway check-in streak keeps entrants returning without punishing a missed day [R12].,Giveaway entrants.,Streak freeze on the daily bonus in the next giveaway.,Distinct return days per entrant; share of streak-breakers who never return,M,Whether a humane streak retains as well as a strict one.,21,Median return days ≥ 1.3× the previous giveaway AND the never-return share among streak-breakers falls.,C09,P3,pre/post between consecutive giveaways,backlog
X-075,Giveaway hub indexable while live,giveaways,Making /giveaways indexable while a draw is open brings organic entrants [R01].,Searchers for game giveaways.,"D-039 index while live, canonical on giveaway pages.",Organic sessions to /giveaways and /giveaway/* during the live window,S,Whether giveaways can be found without paid or social push.,21,≥ 20 organic sessions/week by week 3 of a live giveaway.,D-039,P2,"absolute threshold, no control (volume too small)",backlog
X-076,T1 Google branded exact match,paid,A branded exact-match campaign costs almost nothing and shows whether anyone bids on 'techplay' [R16 T1].,"Searchers typing techplay, techplay gg, techplay wow analyzer, techplay backlog advisor.","C56 from 19 Oct: 2 RSAs, sitelinks to /games, /wow-analyzer, /backlog-advisor; $60–90/month.","Impression share, CPC, sessions with utm_medium=cpc",S,The real branded CPC and whether the brand has any search demand.,28,Keep if CPC ≤ $1.00 and ≥ 10 impressions/week after 14 days; otherwise pause (R16 stop-loss).,C56 | C03 | D-009,P1,sequential read with R16 stop-loss,backlog
X-077,T2 Meta library-import demo,paid,A 6–15 s screen recording of the Steam/Xbox/PSN import converts US adults to verified accounts more cheaply than a content ad [R16 T2].,"US 18+, broad, Advantage+ placements.","C57 (2–22 Nov): Leads/registration objective, on-site event via CAPI, three creatives.",Cost per email_verified; cost per A2,M,A first readable cost per verified registration.,21,Continue if ≤ $10 per verified registration; stop at $150 spent with < 5 verified accounts.,C57 | D-031 | D-007 | D-008,P1,sequential read with R16 stop-loss,backlog
X-078,T3 GTA 6 hub carousel vs generic creative,paid,"Cards for the map, vehicles and characters out-click a generic 'gaming news' creative [R16 T3].",Same as X-077.,"Carousel creative in C57, each card deep-linked with its own utm_content.",CTR; cost per registration_complete,M,Whether the GTA 6 hub is TechPlay's best paid hook before 19 Nov.,14,"Keep if CTR ≥ 1% at 5,000 impressions; stop below 1%.",C57 | D-017 | D-031,P2,sequential read with R16 stop-loss,backlog
X-079,T4 Reddit Conversation Placement to Discord,paid,Ads in GTA 6 threads drive Discord joins at under $3 each [R16 T4].,"3–5 GTA 6 and gaming subreddits, 18+.","C58 (9–25 Nov): post-style ad ('1,058 GTA 6 locations on one free map, and a Discord for launch week.'); map wording cleared under D-020, own invite code.",Cost per discord_click; discord_join by invite code,M,Paid cost of a community member.,17,Continue if cost per attributed join ≤ $3; stop at $100 with < 20 Discord clicks.,C58 | D-011 | D-020,P1,sequential read with R16 stop-loss,backlog
X-080,T5 WoW Analyzer tool ad on Reddit,paid,A tool ad in WoW subreddits beats any article ad on tool runs per dollar [R16 T5].,"r/wow and similar communities, 18+.","C58 ad set: screenshot of an analysis result, 'Paste your character'.",tool_run (tool=wow) per $; registration_complete,M,Whether a niche tool can be bought cheaply.,17,Continue if ≥ 30 analyses per $100; stop at $100 with < 30 analyses or if Groq cost exceeds ad cost.,C58 | D-040,P2,sequential read with R16 stop-loss,backlog
X-081,T6 Backlog Advisor on Reddit,paid,Backlog Advisor resonates with 'too many games' communities [R16 T6].,"r/patientgamers-type communities, 18+.",Screen tour of the advisor output; lands on guest mode (D-037).,tool_run (tool=backlog) → library_connected,M,Whether the backlog problem is a paid acquisition hook.,14,Stop if CTR < 0.2%; continue if ≥ 10% of tool runs import a library.,C58 | D-037,P3,sequential read with R16 stop-loss,backlog
X-082,T7 Tool exact-match search,paid,"Exact-match tool queries ('wow raid readiness', 'what should I play next', 'backlog tool') have real volume [R16 T7].",Google searchers.,Second ad group in C56 once T1 is stable.,"Impressions/week, CPC, tool_run",S,"Search demand for TechPlay's tools, which no research could size [R03].",14,Stop if < 20 impressions/week after 14 days.,C56,P3,sequential read with R16 stop-loss,backlog
X-083,T8 TikTok Spark boost,paid,Boosting an organic GTA 6 map video that already performs reaches under $6 CPM [R16 T8].,US 18+ broad.,Only at the AGGRESSIVE budget and only if an organic video beat the median by 3×.,CPM; utm sessions in the first-party counter; registration_complete,M,Whether paid video amplification is worth the $50/day floor.,7,Stop at $350 if CPM > $10 or 0 registrations.,C49 | D-008,P3,sequential read with R16 stop-loss,backlog
X-084,T9 Meta newsletter double opt-in,paid,Newsletter double opt-in from ads costs less than $8 per verified subscriber [R16 T9].,US plus consented UK/DE adults.,"C57 second ad set to /newsletter with the 'weekly releases, one fix, one number' promise.",Cost per newsletter_verified,M,Whether email is cheaper to buy than accounts.,14,Continue if ≤ $8 per verified subscriber; stop at $100 with 0 verified.,C57 | D-012 | D-031,P2,sequential read with R16 stop-loss,backlog
X-085,T10 Meta retargeting of registration starters,paid,Retargeting people who started registration recovers 10% of them [R16 T10].,"Pixel audience: visited /register or the wizard in 7 days, no registration.",Only if the pool reaches 500 within 30 days.,Cost per registration_complete; recovered share,M,Whether a small-site retargeting pool is usable at all.,14,Skip if pool < 500 after 30 days; continue if ≥ 10% of the pool recovers at ≤ $10 each.,D-031 | C57,P3,sequential read with R16 stop-loss,backlog
X-086,T11 Free Discord listings,paid,Disboard and Discadia listings deliver measurable joins at no cost [R16 T11].,"Discord users browsing tags (gta6, wow, pc).",SC lists the server with one invite code per listing.,discord_join per week by invite code; 7-day posting rate of those joiners,S,A zero-cost baseline for Discord acquisition.,28,Keep if ≥ 5 joins/week sustained over 4 weeks and ≥ 30% post within 7 days; drop if 0 joins in 4 weeks.,D-011 | C36,P2,sequential read with R16 stop-loss,backlog
X-087,T12 Paid newsletter swap,paid,A paid swap with one gaming newsletter beats Meta on cost per verified subscriber [R16 T12].,A partner newsletter's list.,One dedicated blurb with UTM; only once TechPlay's own list size is known and can be stated honestly.,Cost per newsletter_verified,S,Whether newsletter-to-newsletter is a viable channel for a self-hosted list.,14,Run only after the list size is known; succeed if cost per verified < the X-084 result.,C40 | C51,P3,sequential read with R16 stop-loss,backlog
X-088,T13 Giveaway ads,paid,Giveaway ads pull entrants who also connect a library [R16 T13].,US 18+.,Only after X-071 (no share tasks) and legal review of no-purchase-necessary and AMOE [R16 §2.15].,Entrants with library_connected within 7 days; giveaway-only share,M,Whether paid giveaway traffic creates members or only entries.,14,Stop if > 70% of paid entrants have zero other activity (R16 T13 hard stop).,C09 | D-031,P3,sequential read with R16 stop-loss,backlog
X-089,T14 Web push opt-in on GTA 6 reminders,paid,Push opt-in offered only after 'Notify me' on GTA 6 pages builds a re-engagement list for free [R16 T14; spine C59].,GTA 6 hub and release-time tool users.,C59 prompt only after the user clicks 'Notify me'; never on page load (Chrome demotes low-acceptance sites [R07]).,notification_enabled ÷ /gta6* sessions; click rate on the first push,M,Whether push is worth keeping after launch week.,14,Keep if opt-in ≥ 1% of hub sessions after 2 weeks and first-push click rate ≥ 5%; stop below 1%.,C59 | D-019,P2,sequential read with R16 stop-loss,backlog
X-090,T15 YouTube Shorts ad for the WoW demo,paid,Shorts CPM is cheap enough for a 15-second Analyzer demo [R16 T15].,US 18–34.,Parked for Q4: the spine excludes Demand Gen (§12). Revisit in Q1 2027 as a video-views buy only if X-064 succeeds.,"CPM, view rate, tool_run",S,Whether paid Shorts can feed a niche tool.,14,Stop if CPM > $8 or 0 tool runs after $150.,C13,P3,sequential read with R16 stop-loss,backlog
X-091,GTA 6 release-time tool with reminder,tools,A tool that shows the unlock time in the visitor's time zone and offers 'remind me at pre-load and unlock' gets reminder_set from ≥ 10% of users [R17].,S4 GTA 6 Waiters.,"D-018 /gta6/release-time (new), C08; reminder through D-016.",reminder_set ÷ tool_run (tool=release-time),M,Whether a utility tool converts better than content before a launch.,36,≥ 10% of tool users set a reminder AND ≥ 200 reminders by 18 Nov.,D-018 | C08 | D-016,P1,"absolute threshold, no control (volume too small)",backlog
X-092,Calendar export (ICS) and return visits,tools,"Members who export their wishlist calendar return more, because each calendar entry links back with from=ics.",Members with wishlists.,"D-036 ICS export; event descriptions link to the game page with from=ics (internal marker, no UTM).",Sessions with from=ics; D30 retention of exporters vs matched non-exporters,S,Whether a calendar entry is a retention channel.,42,"Exporters' D30 retention ≥ 1.5× matched non-exporters, with ≥ 20 exporters.",D-036,P3,matched comparison (exporters vs non-exporters),backlog
X-093,GTA 6 map tracker: save progress with an account,tools,Letting guests tick locations and asking for an account only to save progress converts ≥ 5% of tracker users.,GTA 6 players from 19 Nov.,C11 tracker in guest mode; 'Save your progress' opens the D-016 modal.,registration_complete (from=gta6) ÷ guest tool users,M,Whether launch-week utility is the best registration moment of the quarter.,21,"≥ 5% of guest users register, with ≥ 200 guest users in launch week.",C11 | D-016 | D-020,P1,"absolute threshold, no control (volume too small)",backlog
X-094,Game Awards prediction league,tools,A free prediction league for 10 Dec brings new registrations and a reason to return on the night.,"S10 Community Regulars, S8, awards followers.",C29 / D-026 league with a public leaderboard; entry needs an account.,registration_complete (from=predictions); entries; returns on 10–11 Dec,M,Whether event-driven games create accounts that stay.,23,≥ 100 entries AND ≥ 25 new registrations from the league AND ≥ 50% of entrants return on 10–11 Dec.,C29 | D-026,P2,"absolute threshold, no control (volume too small)",backlog
X-095,Your 2026 in Games,tools,A cross-platform year in review produces shares that bring registrations.,Members with shelves; their followers.,C28 / D-025 live 14–31 Dec with a share card (D-024).,share_card_generated (type=yir) ÷ members viewing; registration_complete with utm_campaign=c28-your-2026,L,Whether the library can market itself once a year.,18,≥ 25% of eligible members generate a card AND ≥ 1 registration per 10 shares.,D-025 | D-024 | C28,P1,"absolute threshold, no control (volume too small)",backlog
X-096,Taste Match invite link,tools,A 'compare your taste with me' link brings verified accounts and makes the unreachable 'Squad Goals' achievement reachable [R11 §3].,Members and the people they invite.,Invite link on the profile and Gamer DNA card; landing shows a blurred match until sign-up.,registration_complete (from=profile) ÷ invite-link visitors,M,Whether member-to-member invites work at TechPlay's size.,28,≥ 10% of invite visitors register AND ≥ 10 registrations in 28 days.,D-024,P2,"absolute threshold, no control (volume too small)",backlog
