competitor,owner,type,seo_strength,discover_news_signals,evergreen_guides,news_cadence_observed,reviews_model,game_hubs_database,programmatic_seo,tools_interactive,social_channels_observed,video_youtube,newsletter,discord_reddit_community,ugc_comments_accounts,loyalty_notifications_push,creator_partnerships,giveaways_events,affiliate_commerce,vulnerabilities,what_techplay_should_learn,what_not_to_copy,evidence_urls
IGN,Ziff Davis,major publisher,High,High; 'Add IGN on Google' prompt,"Wikis, maps, walkthroughs",High (not measured),Scored reviews,Game hubs + Upcoming Games list,"Game pages, release lists",Interactive maps; Daily Games; Playlist lists,"YouTube, Twitch",UNKNOWN (extracted count inconsistent),Yes,Not observed on homepage,"Comments (1,248 on GTA 6 price story); Playlist",IGN Plus $4.99/mo or $29.99/yr; Rewards; no push code found,UNKNOWN,Rewards giveaways,Deals page,Layoffs Sep 2026 and Aug 2025,Logged-in utilities per game; preferred-source prompt,Wiki and video scale,https://www.ign.com/plus; https://www.ign.com/rewards; https://aftermath.site/ign-layoffs-altano-macy/
GameSpot,Fandom,major publisher,High,High; data/explainer headlines,Best-of lists rank,High (not measured),Scored reviews,UNKNOWN,UNKNOWN,UNKNOWN,YouTube,UNKNOWN,UNKNOWN,UNKNOWN,UNKNOWN,UNKNOWN,UNKNOWN,UNKNOWN,UNKNOWN,Layoffs Jul 2026; site blocked fetches,Dated 'best of year so far' lists,—,"https://aftermath.site (Layoffs Hit GameSpot Again, 9 Jul 2026)"
PC Gamer,Future plc,major publisher,High,High,"Best-of, hardware guides",High,Scored reviews,Low,Living lists (Epic free games),Hyperfeed homepage with polls,YouTube,UNKNOWN,Yes,—,Comments; badges,Future+ membership and badges; no push code found,UNKNOWN,UNKNOWN,Hardware affiliate,Parent profit -67% H1 2026; Google dependence,Homepage polls; living update pages,Hardware buying guides without testing,https://www.pcgamer.com/hyperfeed/; https://ppc.land (Future H1 2026)
GamesRadar+,Future plc,major publisher,High,High,"Evergreen lists (upcoming, best of)",High,Scored; public scoring policy,GTA 6 countdown page; upcoming lists,UNKNOWN,—,YouTube,UNKNOWN,Weekly digest,RPG Club in comments,Comments; Replay clip submissions,Future+,UNKNOWN,Golden Joystick Awards; Replay $250/£250 monthly prizes,UNKNOWN,Same as Future,Monthly club; UGC clip contest,Shared cross-brand membership,https://www.gamesradar.com/goldenjoystickawards/
Polygon,Valnet (since May 2025),major publisher,Med-High,High,Per-game guide hubs,High,Reviews,UNKNOWN,Guide hubs,—,UNKNOWN,UNKNOWN,Yes,—,Comments threads; Follow,Account,UNKNOWN,GOTY predictions,UNKNOWN,Post-sale drift to TV/anime,Per-game guide hubs; awards predictions,Vertical sprawl,"https://www.gamedeveloper.com (Vox sells Polygon to Valnet, 2 May 2025)"
Eurogamer,Ziff Davis,major publisher,Med-High,High,"Guides, upcoming releases",High,Reviews,Low,UNKNOWN,Deals; codes store,"Bluesky, Discord, Facebook, TikTok, X, YouTube",UNKNOWN,Yes,Discord in footer,Comments; supporter badge,"Supporter £2.99/$2.99 mo, $29.99/yr; key giveaways",UNKNOWN,Key giveaways for yearly supporters,Codes store; deals,Editorial cuts Feb 2026,Supporter badge in comments,Selling codes early,https://www.eurogamer.net/subscribe
Rock Paper Shotgun,Ziff Davis,major publisher,Med,Med,'Bestest Bests' lists with update dates,Med,Reviews,Low,UNKNOWN,—,Discord (nav),UNKNOWN,Yes,Discord,Comments,"Supporter: ad-free, editor letter, merch discounts",UNKNOWN,UNKNOWN,Deals,Small PC niche,Named weekly ritual (Sunday Papers),—,https://www.rockpapershotgun.com/
Kotaku,Keleops (since Jul 2025),major publisher,Med,~6.8 items/day (ESTIMATE),Thin,~7/day,Unscored,None,None,None,"Facebook, Instagram, X, YouTube",UNKNOWN,Mailchimp,None,Native comments,None,None,None,Amazon deals ~70% general tech,Off-topic commerce,Reported culture stories,General-tech deals,see 04 Part B
Game Rant,Valnet,guide-volume publisher,Very high,Very high; 'quietly'/'officially confirmed' phrasing,Industrial (73 guides for one game in 3 days),Tens/day (ESTIMATE),Scored /10 beside OpenCritic,GRDB database,Hub per game,21 daily puzzles,"YouTube, Facebook, Instagram, X, TikTok, LinkedIn, Bluesky, Flipboard",UNKNOWN,Yes,None,Threads; GRDB profiles,Premium $5.99/mo,None,None,Store links in DB,Pay-per-session labour model,Hub-per-game structure,Guide volume,see 04 Part B
TheGamer,Valnet,guide-volume publisher,Very high,High,Guide skeletons,High,Reviews,Via GRDB,Tag hubs,Daily answers,UNKNOWN,UNKNOWN,Yes,None,Threads,Premium,UNKNOWN,UNKNOWN,UNKNOWN,Layoffs Oct 2025; pay per session May 2026,Guide skeletons,Labour model,see 04 Part B
Dexerto,Dexerto Ltd (independent),news/creator publisher,High,~17/day (ESTIMATE); viral framing,80+ wikis,~17/day,Reviews,/gaming/db/,Wikis,—,UNKNOWN,UNKNOWN,—,None,Favourites,None,UNKNOWN,UNKNOWN,Disclosed affiliate,Viral framing,Published AI policy,Viral framing,see 04 Part B
DualShockers,Valnet,guide publisher,High,High,Guides,High,Reviews,Via GRDB,List boxes,—,UNKNOWN,UNKNOWN,—,None,Threads,Premium,UNKNOWN,UNKNOWN,UNKNOWN,Same as Valnet,—,—,see 04 Part B
VG247,Ziff Davis,codes/guides site,Low,News archive stopped 2 Jun 2026,Codes pages,~0 news,—,None,Codes pages,—,UNKNOWN,UNKNOWN,Yes,None,Comments,None,UNKNOWN,UNKNOWN,None,Hollowed out,Cautionary tale,Codes farm,see 04 Part B
Push Square,Hookshot Media,platform publisher + DB,Med,~18/day (ESTIMATE); format prefixes,Guides,~18/day,10-point critic + user rating,Per-platform game DB with Have/Want/Maybe/Nope,Game pages,Polls,"YouTube 172k, Facebook 189.2k (own page)",172k subscribers (own page),Inline,Forums,"Comments, polls, collections","Supporter $3.99/mo, no paywall",UNKNOWN,UNKNOWN,Where To Buy,Siloed per platform,Game-page grammar; weekly rituals,Platform sub-sites,see 04 Part B
Nintendo Life,Hookshot Media,platform publisher + DB,Med,~10/day (ESTIMATE),Guides,~10/day,Critic + user,Per-platform DB,Game pages,"Polls (9,331 votes on one)","YouTube 852k, Instagram 264k (own page)",852k subscribers (own page),Inline,Forums,"Comments, polls",Supporter,UNKNOWN,UNKNOWN,eShop price browser,Siloed,Polls over ratings,—,see 04 Part B
Pure Xbox,Hookshot Media,platform publisher + DB,Med,~8/day (ESTIMATE),Guides,~8/day,Critic + user,Per-platform DB,Game pages,Polls,UNKNOWN,UNKNOWN,Inline,Forums,Comments,Supporter,UNKNOWN,UNKNOWN,UNKNOWN,Siloed; small,—,—,see 04 Part B
GamingBolt,Independent,news + video,Med,~8/day on weekend,Guides (game + task),~8/day,Reviews policy,Thin per-game pages,—,—,"Facebook, Twitter, YouTube, Instagram, RSS",UNVERIFIED 1.32M (snippet),None,None,No comments,None,UNKNOWN,Contests (self-claim),Playwire ads,No owned channel,'Games You May Like' article-to-hub block; Rumor tags,Aggregation without owned channel,https://gamingbolt.com/
Insider Gaming,Independent (Tom Henderson),scoops,Low,Scoops quoted industry-wide,None,~3/day,0-10 scale,None,None,Calendar route,"YouTube, Spotify podcast, Discord",UNKNOWN,Yes,Discord,None,None,UNKNOWN,UNKNOWN,Raptive ads,Founder-dependent; legal risk of leaks,Owned-channel CTAs on listing pages,Leak-driven brand,https://insider-gaming.com/category/news/
Wccftech,WCCF TECH INC.,tech + gaming,Med,Google Preferred Source badge,Launch-week guide cluster + PC performance analysis,High,10-point,None,Tag pages,—,"Twitter, Facebook, Instagram, Threads, YouTube",UNKNOWN,Daily digest,Separate forum,Walled discussions subdomain,—,UNKNOWN,UNKNOWN,Deals without visible disclosure,Hardware-rumour dependence,PC performance analysis per release,Walled community,https://wccftech.com/about/
TechRadar Gaming,Future plc,tech publisher,High,Opinion-laden headlines,Platform lists,Low on weekends,Reviews,Platform hubs,Daily puzzle hints,Puzzle pages,"Facebook, Twitter, YouTube, Flipboard, RSS",UNKNOWN,Generic,—,—,"Future+ (sessions 4x for known users, Future figure)",UNKNOWN,UNKNOWN,Affiliate,Search dependence; affiliate -24%,Free login value,Puzzle bait,see 04 Part C
Tom's Hardware,Future plc,hardware publisher,Very high,Med,Best Picks with 'Last updated' and method,~5/day,Verdict lines,Bench database,—,Bench,"Facebook, Twitter, Instagram, YouTube, Flipboard",UNKNOWN,Yes,Forums,Badges,Premium £51/yr,UNKNOWN,UNKNOWN,Affiliate,Affiliate decay,'Last updated' labels,Early paywall,see 04 Part C
Backloggd,Independent (one developer),tracker,Med,—,Public reviews,—,User ratings,IGDB-based (373K games),Game pages,"Journal, lists",—,—,—,—,"41.4M ratings, 4.84M reviews (homepage counter)",Patreon backer,UNKNOWN,UNKNOWN,None,"No imports, no app",Public logged-out pages,Manual-only logging,https://backloggd.com/
HowLongToBeat,Ziff Davis (IGN Entertainment),tracker/utility,High,—,Per-game length pages,—,—,Game DB,Per-game pages,Steam calculator; daily game,—,—,—,Forum (Game of the Month),Backlogs,Account,UNKNOWN,UNKNOWN,Ads,Steam-only import,Logged-out utility with login upgrade,—,https://howlongtobeat.com/
SteamDB,Independent,data tool,High,—,—,—,—,Full Steam DB,Every app,"Charts, prices, calendar, calculator",Discord bot,UNKNOWN,—,Discord,—,Steam login; donations,UNKNOWN,UNKNOWN,None,—,Canonical data others must link,Competing on raw Steam depth,https://steamdb.info/faq/
IGDB,Twitch/Amazon,database,Med,—,—,—,—,428k games (Mar 2023),—,Free API,—,—,—,—,Contributions,—,UNKNOWN,UNKNOWN,—,Upstream dependency for others,Owning rows vs renting,—,https://en.wikipedia.org/wiki/IGDB
MobyGames,Atari,database,Med,—,—,—,—,>300k games,—,—,—,—,—,—,Credits contributions,Pro tier limits browsing,UNKNOWN,UNKNOWN,Ads + Patreon,Paywalled browse depth,Keep all game pages public,Paywalling the long tail,https://en.wikipedia.org/wiki/MobyGames
Grouvee,Independent,tracker,Low,—,—,—,—,Giant Bomb data,—,"Shelves, Steam import",—,—,—,—,—,$10/yr,UNKNOWN,UNKNOWN,—,No app,—,—,see 04 Part C
Infinite Backlog,Independent,tracker,Low,—,—,—,—,—,—,"Imports Steam, GOG, PSN, Xbox",—,—,—,—,—,$3/mo,UNKNOWN,UNKNOWN,—,"SPA, weak SEO",—,—,see 04 Part C
TrueAchievements,TrueGaming Network,achievement tracker,High,—,User walkthroughs,—,—,Achievement DB,Per-game,Rarity-weighted score,—,—,—,Forums,Walkthroughs,Pro ad removal,UNKNOWN,UNKNOWN,—,—,Rarity-weighted scoring,—,https://en.wikipedia.org/wiki/TrueAchievements
PlayTracker,Independent,cross-platform stats,Med,—,—,—,—,—,—,"Quests, league, playerbase estimates",—,—,—,—,—,Ads,UNKNOWN,Quest League,UNKNOWN,—,Cross-platform quests,—,https://playtracker.net/
GOG Galaxy 2.0,CD Projekt,launcher,Low,—,—,—,—,—,—,Imports all platforms,—,—,—,—,—,Free,UNKNOWN,UNKNOWN,Store,Desktop only,'One library' framing,—,https://www.gog.com/galaxy
Playnite,Open source,launcher,Low,—,—,—,—,IGDB,—,Unified library,—,—,—,Discord,—,"Patreon, no paywall",UNKNOWN,UNKNOWN,—,Windows only,No-paywall pledge,—,https://playnite.link/
Gamery,Independent,iOS tracker,Low,—,—,—,—,IGDB,—,"Imports PSN, Xbox, Nintendo, Epic, GOG, Steam",—,—,—,—,—,Paid app,UNKNOWN,UNKNOWN,—,Apple only,Import breadth,—,https://gamery.app/
Stash,Independent,mobile tracker,Low,—,—,—,—,—,—,"Release alerts, friends feed",—,—,—,—,Community reviews,1M+ downloads (store),UNKNOWN,UNKNOWN,—,Mobile only,Release alerts,—,https://stash.games/
SavePoint,twoaveragegamers,tracker,Low,—,—,—,—,35k titles,—,"Backlog Score, Decision Engine",—,—,—,—,—,Pro $9/mo for imports,UNKNOWN,UNKNOWN,—,Paid imports,—,Paywalling imports,see 04 Part C
Deku Deals,Independent,price tracker,High,—,—,—,—,Multi-store prices,Per-game,Wishlist email alerts,—,—,—,—,Collections,Account,UNKNOWN,UNKNOWN,Affiliate,—,Price alerts on wishlist,—,https://www.dekudeals.com/
IsThereAnyDeal,Independent,price tracker,High,—,—,—,—,PC store prices,Per-game,"Waitlist alerts, collection","Bluesky, Mastodon, Discord",—,—,Discord,Deal votes,Patreon,UNKNOWN,UNKNOWN,Affiliate,—,Waitlist alerts,—,https://isthereanydeal.com/
OpenCritic,Valnet (since Aug 2024),aggregator,High,—,—,—,Mighty/Strong tiers,Game pages,Calendar,Lists,Discord,—,—,Discord,Personal lists,—,UNKNOWN,UNKNOWN,Featured deals,—,Tiered verdicts,—,https://en.wikipedia.org/wiki/OpenCritic
Metacritic,Fandom,aggregator,Very high,—,—,—,Metascore,Game pages,Browse,—,—,—,—,—,User scores,—,UNKNOWN,UNKNOWN,Ads,Heavy ads,—,—,https://www.metacritic.com/
Steam250,Independent,rankings,Med,—,—,—,—,130k Steam games,223+ daily rankings,Hidden gems,Steam curator,—,—,—,Club 250,Patreon,UNKNOWN,UNKNOWN,—,—,Hidden-gem rankings from data,—,https://steam250.com/
Aftermath,Worker-owned,independent outlet,Low,—,—,Low,—,None,None,None,UNKNOWN,UNKNOWN,Yes,—,Comments (members),Paid membership,UNKNOWN,UNKNOWN,None,Small scale,Transparent ownership,—,see 04 Part C
Game File,Stephen Totilo,newsletter,Low,—,—,Daily,—,None,None,None,UNKNOWN,UNKNOWN,Paid ($10/mo),—,—,29k+ subscribers (own claim),UNKNOWN,UNKNOWN,None,One-person,Newsletter as product,—,see 04 Part C
