id,game,publisher,status_or_release_window,platforms,demand_1to5,competition_1to5,release_timing_fit_1to5,content_depth_1to5,tool_possibilities_1to5,community_1to5,seo_1to5,social_1to5,long_term_value_1to5,total,confidence,notes,source_urls
GH-002,GTA VI (existing hub),Rockstar / Take-Two,19 Nov 2026,"PS5, Xbox Series X|S",5,1,5,5,4,4,4,5,5,38,HIGH,Hub exists; fan domains own search; win on tools and accounts (see 17).,https://www.rockstargames.com/newswire/article/ak3ak31a49a221/grand-theft-auto-vi-is-now-set-to-launch-november-19-2026
GH-003,Nintendo Switch 2 (platform hub),Nintendo,Live; 23M+ units by Jun 2026; $499.99 from 1 Sep 2026,Switch 2,5,2,5,5,4,3,5,4,5,38,HIGH,"Editions, upgrades, key cards, 120Hz/VRR, Minecraft Bedrock (27 Oct), MW4 (23 Oct), MH Wilds (4 Dec), Metroid Ravenous (28 Jan 2027). Nintendo Life strong; structured upgrade data is thin.",https://en.wikipedia.org/wiki/Nintendo_Switch_2; https://gameinformer.com/nintendo-direct/2026/09/09/every-new-announcement-at-the-september-2026-nintendo-direct
GH-004,Steam / PC gaming (platform hub),Valve and others,"Fixed event calendar (Autumn Sale 1–8 Oct, Next Fest 19–26 Oct, Winter Sale 17 Dec–4 Jan)",PC,5,2,5,5,5,3,5,3,5,38,HIGH,"Library import, prices, reminders, Next Fest demo tracker, sale picks from wishlist. SteamDB owns data; nobody ties it to a personal library.",https://partner.steamgames.com/doc/marketing/upcoming_events
GH-001,"World of Warcraft (Midnight, WoW: Forever, The Last Titan)",Blizzard,Midnight live since 2 Mar 2026; 12.1.5 ~6 Oct (predicted); WoW: Forever 4 Nov 2026; The Last Titan late 2027,PC,4,2,5,5,5,4,4,3,5,37,HIGH,"Only candidate with a unique TechPlay tool (WoW Analyzer via Blizzard + Raider.IO). Wowhead and Icy Veins own guides; compete on Analyzer, patch-day checklists, WoW: Forever explainers.",https://en.wikipedia.org/wiki/World_of_Warcraft; https://blizzardwatch.com/2026/09/09/wow-patch-12-1-5-release-date/
GH-008,"Pokémon (Winds & Waves, Champions)",Nintendo / TPC / Game Freak,Gen 10 in 2027; Champions released 8 Apr 2026,"Switch 2, mobile",5,1,3,5,3,3,5,4,5,34,HIGH,"Huge demand; Serebii/Bulbapedia own evergreen. Only selective pages (order, Switch 2 questions).",https://en.wikipedia.org/wiki/Pokémon_Winds_and_Waves
GH-010,Path of Exile 2,Grinding Gear Games,1.0 on 11 Dec 2026 (reported),"PC, consoles",4,1,5,5,2,4,4,3,5,33,MED,"poe.ninja, Path of Building, Maxroll dominate tools; launch-news only.",https://en.wikipedia.org/wiki/List_of_video_games_released_in_2026
GH-013,Minecraft,Mojang / Microsoft,Live; Dungeons II 29 Sep; Bedrock on Switch 2 27 Oct; The Sift dimension 2027,All,5,1,4,5,2,3,4,4,5,33,HIGH,Minecraft Wiki owns search; only platform and spin-off pages.,https://en.wikipedia.org/wiki/Minecraft
GH-007,Final Fantasy VII Revelation,Square Enix,8 Apr 2027,"PS5, PC, Xbox, Switch 2",5,2,4,4,2,3,4,3,4,31,HIGH,Trilogy finale; recap and order content has months of runway.,https://en.wikipedia.org/wiki/Final_Fantasy_VII_Revelation
GH-005,Call of Duty: Modern Warfare 4,Activision,23 Oct 2026 (campaign early access 16 Oct),"PS5, Xbox, PC, Switch 2",5,1,5,3,2,3,4,4,3,30,HIGH,"Launch utility only: requirements, settings, Switch 2 performance, 'which CoD should I get'.",https://en.wikipedia.org/wiki/Call_of_Duty:_Modern_Warfare_4
GH-009,Deadlock,Valve,Unreleased; top of Steam wishlists; top-25 most played,PC,4,3,3,4,3,3,3,3,4,30,MED,Access and release questions; build/hero data later.,https://store.steampowered.com/search/?filter=popularwishlist
GH-024,Monster Hunter Wilds,Capcom,Switch 2 on 4 Dec 2026; Ascendance expansion 2027,"PS5, Xbox, PC, Switch 2",4,2,4,5,2,3,3,3,4,30,HIGH,Game8/Fextralife own guides; platform and expansion pages.,https://en.wikipedia.org/wiki/Monster_Hunter_Wilds
GH-037,"Steam hardware (Steam Frame, Steam Machine, Deck)",Valve,Frame 18 Sep 2026; Machine 29 Jun 2026; Deck OLED price rise,PC,4,3,4,3,3,3,3,3,4,30,HIGH,Verified-games lists from DB; VR-ready lists.,https://en.wikipedia.org/wiki/Steam_Frame
GH-006,Fable,Playground / Xbox,23 Feb 2027 (moved to avoid GTA VI),"PS5, PC, Xbox; Game Pass day one",4,3,4,3,2,3,4,3,3,29,HIGH,"Top-4 Steam wishlist; pre-release explainers, 'Fable games in order', Game Pass angle.",https://en.wikipedia.org/wiki/Fable_(2027_video_game)
GH-011,Final Fantasy XIV (Evercold 8.0),Square Enix,Evercold January 2027,"PC, PS5, Xbox, Switch 2",3,3,4,4,2,4,3,2,4,29,HIGH,Fits an MMO hub with WoW and GW2.,https://en.wikipedia.org/wiki/Final_Fantasy_XIV
GH-018,Counter-Strike 2,Valve,Live; Steam #1 (1.35M peak); PGL Major 25 Nov–13 Dec,PC,5,2,3,3,2,3,3,3,4,28,HIGH,Settings and esports; HLTV owns esports.,https://www.pglesports.com/cs2/pgl-major-singapore-2026/
GH-033,Helldivers 2,Arrowhead / Sony,20M+ copies; Warbonds ongoing,"PC, PS5, Xbox",3,3,3,3,2,4,3,4,3,28,HIGH,Major Orders are community-shaped (13).,https://en.wikipedia.org/wiki/Helldivers_2
GH-036,GPU and PC hardware (platform hub),Nvidia / AMD / Intel,RTX 50 Super rumored CES 2027; next gen H2 2027+,PC,4,1,3,4,3,2,4,2,5,28,MED,Tom's Hardware owns benchmarks; TechPlay does not test. Only requirements-to-GPU matching.,https://www.notebookcheck.net/Nvidia-RTX-50-Super-series-launch-tipped-once-again-later-than-expected.1317926.0.html
GH-012,Guild Wars 2 / Guild Wars 3,ArenaNet,GW2 quarterly releases; GW3 beta fall 2027,PC,2,4,3,4,2,3,3,2,4,27,HIGH,Low competition; 'GW2 vs WoW' queries (09).,https://en.wikipedia.org/wiki/Guild_Wars_3
GH-016,Battlefield 6,EA,Season 5 later 2026 (window),"PS5, Xbox, PC",4,2,4,3,2,3,3,3,3,27,MED,Secure Boot and anti-cheat evergreen (09: EA-006).,https://www.ea.com/en/games/battlefield/battlefield-6/news/community-update-2026-roadmap-update
GH-026,Kingdom Hearts IV,Square Enix,Late 2027,"Switch 2, PS5, PC, Xbox",4,2,3,3,1,3,4,3,4,27,HIGH,'Kingdom Hearts in order' is a famous confusion query.,https://en.wikipedia.org/wiki/Kingdom_Hearts_IV
GH-014,Fortnite,Epic,C7S4 ends ~1 Nov (community timers),All,5,1,3,3,1,2,3,5,3,26,LOW,Season dates unverified; specialist sites own item shop and maps.,https://seasontimer.live/fortnite/
GH-022,Marvel Rivals,NetEase,Season 10 from 11 Sep 2026,"PC, consoles",4,2,3,3,1,3,3,4,3,26,MED,Creator drama and hero tier lists; low tool fit.,https://en.wikipedia.org/wiki/Marvel_Rivals
GH-031,Gears of War: E-Day,The Coalition / Xbox,6 Oct 2026,"PC, Xbox",4,2,5,3,1,3,3,3,2,26,HIGH,Story director laid off before launch (Eurogamer); 'Gears in order'.,https://en.wikipedia.org/wiki/Gears_of_War:_E-Day
GH-032,Hollow Knight: Silksong,Team Cherry,Released; Sea of Sorrow DLC scheduled 2026,"PC, consoles",3,2,3,4,2,3,3,3,3,26,MED,Maps owned by MapGenie and wiki.,https://en.wikipedia.org/wiki/Hollow_Knight:_Silksong
GH-035,Persona 4 Revival,Atlus / Sega,18 Feb 2027 (Switch 2 on 20 May 2027),"PS5, PC, Xbox, Switch 2",3,3,4,3,1,3,3,3,3,26,HIGH,'Persona games in order' LOW competition (09: EB-009).,https://news.xbox.com/en-us/2026/09/17/xbox-tokyo-game-show-2026-recap/
GH-021,Diablo IV,Blizzard,Lord of Hatred 28 Apr 2026; ~3-month seasons; Switch 2 version 16 Sep 2026,All,3,2,3,4,2,3,3,2,3,25,HIGH,Maxroll owns builds; Blizzard account links to WoW audience.,https://en.wikipedia.org/wiki/Diablo_IV
GH-025,"Resident Evil (Requiem, Veronica remake)",Capcom,Requiem Feb 2026 ($500M+); Veronica remake 2027,All,4,2,3,3,1,2,4,3,3,25,HIGH,'RE games in order' evergreen.,https://en.wikipedia.org/wiki/Resident_Evil_Veronica
GH-027,The Witcher IV,CD Projekt Red,Planned 2028,"PS5, PC, Xbox",4,2,2,3,1,3,3,3,4,25,HIGH,Too early for a hub; series order pages now.,https://en.wikipedia.org/wiki/The_Witcher_IV
GH-019,League of Legends,Riot,Worlds 15 Oct–14 Nov 2026,PC,4,1,4,3,1,2,3,3,3,24,HIGH,op.gg and wikis own it.,https://en.wikipedia.org/wiki/2026_League_of_Legends_World_Championship
GH-030,Phantom Blade Zero,S-GAME,29 Oct 2026,"PS5, PC",3,3,4,3,1,2,3,3,2,24,HIGH,Top-6 Steam wishlist; launch pages.,https://en.wikipedia.org/wiki/Phantom_Blade_Zero
GH-015,Roblox,Roblox Corp,Live; age verification since Jan 2026,All,5,2,2,3,1,1,3,3,3,23,MED,Young audience; codes pages; not a fit.,https://en.wikipedia.org/wiki/Roblox
GH-017,EA Sports FC 27,EA,Launched 25 Sep 2026,All,5,1,3,3,1,2,3,3,2,23,MED,FUTBIN/FUT.GG own SBC and player data.,https://www.ea.com/games/ea-sports-fc/fc-27/news/fc-27-editions-and-release-dates
GH-020,Valorant,Riot,Champions final 18 Oct 2026,"PC, consoles",3,2,3,3,1,2,3,3,3,23,HIGH,Low fit.,https://en.wikipedia.org/wiki/2026_Valorant_Champions
GH-028,The Elder Scrolls VI,Bethesda,No release date,TBA,4,2,1,2,1,3,3,3,4,23,HIGH,Nothing to build yet.,https://en.wikipedia.org/wiki/The_Elder_Scrolls_VI
GH-023,Marvel's Wolverine,Insomniac / Sony,Released 15 Sep 2026; 1.9M in 3 days,PS5,4,2,2,3,1,2,3,3,2,22,HIGH,Post-launch; PC port questions.,https://en.wikipedia.org/wiki/Marvel's_Wolverine
GH-034,Metro 2039,4A Games / Deep Silver,4 Feb 2027,"PS5, Xbox, PC",3,3,4,2,1,2,3,2,2,22,HIGH,Series order; launch pages.,https://en.wikipedia.org/wiki/List_of_video_games_released_in_2027
GH-029,Crimson Desert,Pearl Abyss,Released 19 Mar 2026; DLC 15 Oct; Switch 2 early 2027,"PS5, Xbox, PC",3,2,3,3,1,2,3,2,2,21,HIGH,TechPlay reviewed it; DLC and Switch 2 news only.,https://en.wikipedia.org/wiki/Crimson_Desert
