channel,sub_format,classification,why,formats_that_get_distribution,link_handling,discovery_mechanism,engagement_signals,posting_behaviour,common_mistakes,how_gaming_publishers_use_it,techplay_fit_1to5,evidence_urls,evidence_level
Google Discover,feed cards,PRIMARY,Largest free news/feature distribution; Feb 2026 update rewards topic expertise,"Timely, original, in-depth; large 16:9 images >=1200px",Links are the product,Interest-based feed; Follow via RSS,"Clicks, dwell (UNVERIFIED detail)",Consistent topical depth,Clickbait previews; thin rewrites,IGN and Valnet ask readers to add them as preferred source,5,https://developers.google.com/search/docs/appearance/google-discover; https://developers.google.com/search/blog/2026/02/discover-core-update,VERIFIED (platform doc fetched 27 Sep 2026)
Google Search,evergreen,PRIMARY,Compounding traffic; database pages,"Helpful, original pages",n/a,Queries,n/a,Update evergreen pages,Scaled thin pages,"Wikis, guides, databases",5,https://developers.google.com/search/docs/fundamentals/creating-helpful-content,VERIFIED (platform doc fetched 27 Sep 2026)
Google News / Top Stories,news,"SECONDARY now, PRIMARY later",Automatic inclusion; TechPlay has zero visibility today,Original reporting,n/a,Automatic identification of news content,n/a,"News sitemap: last 2 days, max 1,000",Relying on eligibility alone,All majors present,3,https://support.google.com/news/publisher-center/answer/9607025; https://developers.google.com/search/docs/crawling-indexing/sitemaps/news-sitemap,VERIFIED (platform doc fetched 27 Sep 2026)
Discord,server + bot,PRIMARY,Only live owned community (160 members); bot wired to site accounts and XP,"Events, forum channels, bot posts",Links fine inside own server,Server Discovery (requirements not verified),"Messages, event attendance","Rituals, weekly events",Silent servers; two invite codes,"Insider Gaming, Eurogamer, RPS, SteamDB link a Discord",5,https://discord.com/community; https://discord.com/newsroom,PARTLY VERIFIED
Email,newsletter,PRIMARY,Owned; system built but unused,"Personal, predictable",Links are the product,Inbox,Clicks (opens are a floor),Fixed day and time,Manual-only sending; no welcome series,Nearly all publishers run one,5,docs/README.md §20,FACT (repo)
YouTube,Shorts + long form,EXPERIMENTAL,"Largest gaming video platform; TechPlay has 20 subs, no videos",UNVERIFIED this session,Description links,Recommendations + search,Watch time (UNVERIFIED),Weekly series,Starting a channel and going silent,Every major publisher; Nintendo Life 852k,3,https://www.youtube.com/@IGN,UNVERIFIED (not re-checked this session)
TikTok,short video,EXPERIMENTAL,Big gaming audience; production and presenter questions open,UNVERIFIED this session,Bio link only (UNVERIFIED),For You + search,UNVERIFIED,Daily cadence common,Reposting landscape trailers,Game Rant has an account (@gamerantofficial),3,,UNVERIFIED (not re-checked this session)
Instagram,Reels + carousels,EXPERIMENTAL,Carousels fit data cards and lists; account exists,UNVERIFIED this session,Bio/Stories links (UNVERIFIED),"Explore, Reels",UNVERIFIED,Several posts a week,—,Nintendo Life 264k (own page),2,,UNVERIFIED (not re-checked this session)
Facebook Page,posts + Reels,LOW PRIORITY,Account exists; link reach widely reported weak,UNVERIFIED,UNVERIFIED,Feed,UNVERIFIED,—,Link-only posting,Most majors keep a page,2,,UNVERIFIED (not re-checked this session)
Facebook Groups,participation,EXPERIMENTAL,Game-specific groups exist; rules vary per group,Helpful answers,Per-group rules,Group feed,Replies,Participate as a person,Drop-and-run links,—,2,,UNVERIFIED (not re-checked this session)
X,posts + threads,SECONDARY,Breaking news and industry network; account exists but unlinked,"Posts predicted to earn replies, dwell and clicks",No explicit link penalty in the open-source code,In-network + out-of-network retrieval,Weighted predicted actions incl. negatives,Live coverage of showcases,Posts that get muted/reported,All majors,3,X open-source For You algorithm repository: README and param.rs fetched 27 Sep 2026 (exact URL not logged),VERIFIED (platform doc fetched 27 Sep 2026)
Threads,posts,LOW PRIORITY,Cheap cross-post from Instagram,UNVERIFIED,UNVERIFIED,Feed,UNVERIFIED,—,—,Wccftech lists Threads,1,,UNVERIFIED (not re-checked this session)
Bluesky,posts,LOW PRIORITY,"Some gaming presence (Eurogamer, ITAD)",UNVERIFIED,Links allowed,"Custom feeds, starter packs (UNVERIFIED)",—,—,—,"Eurogamer, IsThereAnyDeal",2,,UNVERIFIED (not re-checked this session)
Reddit,contribution,SECONDARY,Largest gaming discussion; original data and tools accepted,"Visual, nostalgic, original data",Per-subreddit rules (not fetched),"Votes, subreddit feeds, Google results","Upvotes, comments",Participate as a real person,"Link-dropping, self-promotion",Rarely seen at top of gaming subs,3,https://redditinc.com/policies/reddit-rules,PARTLY VERIFIED
Steam Curator,recommendations,EXPERIMENTAL,Puts TechPlay picks on Steam store pages,Short recommendations with link,One link per recommendation,Followers see picks on store pages,Follows,Regular curation,Abandoned curator pages,Steam250 runs a curator,3,https://store.steampowered.com/curators/,PARTLY VERIFIED
Twitch,live,NOT WORTH CURRENT RESOURCES,Needs presenters and schedule,Live,Panels,"Browse, raids",Concurrent viewers,Fixed schedule,—,IGN streams,1,https://www.twitch.tv/ign; https://www.twitch.tv/partner/signup,PARTLY VERIFIED
LinkedIn,company page,LOW PRIORITY,"B2B only: PR, partners, media kit",—,Allowed,Network,—,Monthly,Using it for gamers,—,2,,UNVERIFIED (not re-checked this session)
Pinterest,pins,NOT WORTH CURRENT RESOURCES,No gaming-publisher precedent found,—,Pins link out,Search,Saves,—,—,none found,1,https://business.pinterest.com/,PARTLY VERIFIED
Snapchat,Spotlight/Discover,NOT WORTH CURRENT RESOURCES,No realistic publisher route,—,—,—,—,—,—,—,1,https://forbusiness.snapchat.com/,PARTLY VERIFIED
Mastodon / Fediverse,RSS-driven account,LOW PRIORITY,Near-zero cost if automated; small gaming reach,—,Links fine,"Hashtags, federation",Boosts,Automated,—,gamedev.place exists,1,https://joinmastodon.org/servers,PARTLY VERIFIED
Web push,release reminders,EXPERIMENTAL,Only for opt-in 'remind me'; no service worker today,Personal alerts,Opens the page,Opt-in,Click-through,Event-driven,Site-wide first-visit prompt,None of 15 publishers checked,2,https://blog.chromium.org/2020/01/introducing-quieter-permission-ui-for.html; https://webkit.org/blog/13878/web-push-for-web-apps-on-ios-and-ipados/,VERIFIED (platform doc fetched 27 Sep 2026)
RSS,feed,SECONDARY (infrastructure),"Feeds Discover Follow, Flipboard, Feedly, bots","Full, correct, fast feed",n/a,"Readers, aggregators",n/a,Regenerate on publish,"Broken links, lag (TechPlay today)","RPS, Kotaku, others expose RSS",4,https://developers.google.com/search/docs/appearance/google-discover,VERIFIED (platform doc fetched 27 Sep 2026)
Bing / MSN,search + syndication,LOW PRIORITY,IndexNow done; MSN access unknown,—,—,IndexNow,—,—,—,—,2,https://www.bing.com/indexnow,PARTLY VERIFIED
Apple News,channel,NOT WORTH CURRENT RESOURCES,Approval and audience uncertain,Apple News Format,—,Apple News app,—,—,—,—,1,https://support.apple.com/guide/news-publisher/welcome/icloud,PARTLY VERIFIED
Flipboard,magazine,LOW PRIORITY,RSS-fed; federates to Fediverse,—,Links,Magazines,Flips,Automated,—,"TechRadar, Tom's Hardware list Flipboard",1,https://about.flipboard.com/,PARTLY VERIFIED
SmartNews / NewsBreak / Opera / Upday,aggregators,NOT WORTH CURRENT RESOURCES,General/local news focus,—,—,—,—,—,—,—,1,,UNVERIFIED (not re-checked this session)
